time,line,translation,
56 ,Hello?,누구 없어요?,
66 ,Hello?,아무도 없나요?,
82 ,Hey! Hey! Help me!,거기 누구 없어요? 도와주세요!,
119 ,Go get him.,데리고 올라와,
126 ,"Day one, Greenie.","첫째 날이다, 신참",
131 ,Rise and shine.,빨리 일어나,
134 ,He looks like a slopper to me.,청소 시키면 딱이겠어,
137 ,I could use some help in the kitchen.,식당에서 조수로 써야겠어,
144 ,"Oh! Hey, we got a runner!",신참이 도망친다!,
198 ,He's all yours.,잘 알려줘,
217 ,"Hey there, Green Bean.","반가워, 신참",
222 ,You're not gonna run again. Okay?,또 도망칠 생각 마 알았어?,
224 ,Good.,좋아,
235 ,My name is Alby.,난 알비야,
237 ,Can you tell me anything about yourself? Who you are?,너에 대해 말해봐 누군지...,
241 ,Where you came from? Anything at all.,어디서 왔는지 등등 아무거나,
244 ,No.,모르겠어,
250 ,Can you tell me your name?,이름이 뭐야?,
252 ,"I, uh, I can't remember anything.",아무것도 기억 안나,
259 ,Why can't I remember anything?,왜 기억이 안 나지?,
259 ,It's okay.,괜찮아,
264 ,"Hey, relax. Relax.",좀 진정해. 진정해.,
267 ,It's normal.,그게 정상이야,
270 ,It happens to us all.,우리도 다 그랬어,
272 ,You'll get your name back in a day or two.,하루 이틀이면 이름은 기억날 거야,
275 ,It's the one thing they let us keep.,그들이 그거 하난 기억하게 해주거든,
279 ,What is this place?,여긴 어디지?,
284 ,Let me show you.,보여줄게,
298 ,We eat here. We sleep here. We grow our own food. We build our own shelter.,우린 여기서 먹고 여기서 자고 먹을거리 재배하고 집도 직접 지어,
305 ,"Whatever we need, the Box provides. The rest is up to us.",필요한건 '박스'를 통해 오고 나머진 우리가 알아서 해,
310 ,The Box?,박스?,
311 ,Yeah. It's sent up once a month with fresh supplies and a new Greenie.,"그래, 매달 한번 필수품과 신참을 올려보내",
317 ,This month that's you.,이번 달엔 너지,
318 ,Congratulations.,축하한다,
320 ,"Sent up? By who, though? Who put us here?",올려보낸다고? 대체 누가?,
325 ,"That, we don't know.",우리도 몰라,
327 ,"Hey, are you all right, Alby?","괜찮아, 알비?",
331 ,"Green Bean, meet Newt. When I'm not around, he's in charge.","신참, 이쪽은 뉴트. 내가 없으면 얘가 대장이야",
334 ,"Well, it's a good thing you're always around then.",네가 항상 있어서 다행이지,
336 ,That was some dash you made earlier.,아깐 잘 뛰던걸?,
338 ,"For a second, I thought you had the chops to be a runner...till you face-planted.",근데 러너 감이라고 생각하는 순간... 땅에 얼굴 처박더라,
342 ,That was great.,진짜 웃겼어,
345 ,"Wait, a ""runner""?","잠깐만, 러너라니?",
347 ,"Newt, do me a favor. Go find Chuck.","뉴트, 척 좀 찾아볼래?",
350 ,All right.,알았어,
350 ,Thanks,고마워,
352 ,"Look, I'm sorry to rush this. You came up a little late, and there's a lot to do.",서둘러서 미안한데 네가 좀 늦게 와서 말야 할 게 많아,
360 ,We got something special planned tonight.,밤에 특별한 계획이 있거든,
362 ,Yeah. You'll see.,뭔진 곧 알게 돼,
365 ,I hope you're not afraid of heights.,높은 곳을 겁내진 않겠지?,
369 ,Let's go. Come on.,"올라와, 어서",
372 ,This is all we got.,우리는 모두 여기에 살아.,
379 ,We've worked hard for it.,힘들게 일궜지,
383 ,If you respect this place...you and I will get along just fine.,적응 잘하면 나랑 부딪힐 일 없어,
388 ,What's out there?,저 밖엔 뭐가 있지?,
390 ,We only have three rules.,룰이 세개 있어,
402 ,"First, do your part.","첫째, 맡은 임무를 다할 것",
406 ,No time for any freeloaders.,빈대 붙어서 거저먹긴 없어,
409 ,"Second, never harm another Glader.","둘째, 다른 친구들을 해치지 말 것",
412 ,None of this works unless we have trust.,신뢰가 깨지면 만사 꽝이니까,
415 ,Most importantly...never go beyond those walls.,무엇보다 중요한 건...절대 저 벽을 넘어가지 마,
422 ,"Do you understand me, Greenie?","알았냐, 신참?",
425 ,"Hey, Alby!",알비!,
428 ,"Hey, Chuck. Where you been, man?","척, 어디 갔었어?",
436 ,It's basically the same story for all of us.,우리도 똑같은 과정을 겪었어,
440 ,"We wake up in the Box, Alby gives us the tour...",박스에서 깨어나면 알비가 구경시켜주고,
444 ,then here we are.,그러곤 여기 살아,
447 ,Don't worry.,걱정 마,
450 ,You're already doing better than I did.,난 형보다 심했었어,
453 ,I clunked my pants three times before they got me out of the pit.,박스 안에서 세번이나 바지에 똥을 쌌거든,
457 ,"No, come on.",미치겠네!,
462 ,"Dude, where are you going?","형, 어디 가?",
471 ,I just wanna see.,보고 싶어서,
472 ,You can look around all you want but you better not go out there.,보는 건 상관없지만 들어가면 안돼,
475 ,Why not? What's through there?,왜? 뭐가 있는데?,
477 ,I don't know. I just know what I'm told.,나도 몰라 형들이 그랬단 말야,
480 ,And we're not supposed to leave.,우린 가면 안돼,
484 ,"Hey, Chuck. New Greenie, huh?","척, 신참이 왔네?",
494 ,How does it feel to be promoted?,신참 교육 맡은 기분 어때?,
496 ,"Feels great, Ben.","끝내줘, 벤",
497 ,I thought no one was allowed to leave.,아무도 못 들어간다더니?,
501 ,I said we're not allowed to leave.,우린 안 된다고,
503 ,"They're different, they're runners. They know more about the maze than anyone.",러너들은 달라 미로에 대해 빠삭하거든,
506 ,"Wait, what?",뭐라구?,
508 ,What?,뭐가?,
509 ,"What? You just said ""maze.""",방금 미로랬잖아,
511 ,I did?,내가 그랬어?,
513 ,Yeah.,그래,
514 ,Where are you going? What are you doing?,어디 가? 뭐하는 거야?,
520 ,I'm just gonna take a look.,좀 봐야겠어,
521 ,"I told you, you can't. No one leaves, especially not now.",우린 들어가면 안 된다니까 특히 지금은...,
525 ,It's not safe.,위험해,
528 ,"Okay, all right, I'm not gonna go.",알았어 안 들어갈게,
542 ,"We gotta stop meeting like this, Greenie.",신참이 너무 나대네,
545 ,Get off me!,비켜!,
545 ,"All right! Calm, calm, calm.","진정해, 진정해",
547 ,Don't touch me!,손대지 마,
548 ,Whoa! Take it easy!,진정하라니까,
550 ,Just relax.,흥분 가라앉혀,
551 ,What the hell is wrong with you guys?,니들 문제가 뭐야?,
553 ,"Just calm down, all right?",일단 좀 진정해,
554 ,Why won't you tell me what's out there?,뭐가 있는지 왜 말 안해줘?,
556 ,We're just trying to protect you. It's for your own good.,널 지켜주려는 거야. 네 안전을 위해서,
558 ,You guys can't just keep me here.,날 여기 붙잡아두진 못해,
559 ,I can't let you leave.,가게 놔둘 순 없어,
559 ,Why not?,왜?,
580 ,What the hell?,무슨...,
585 ,"Next time, I'm gonna let you leave.",다음엔 꼭 들여보내줄게,
610 ,Welcome to the Glade.,글레이드에 온 걸 환영한다,
627 ,Light him up!,불 붙여,
660 ,"Hell of a first day, Greenie.","신참, 정신없는 첫날이었지?",
663 ,Here.,여기,
666 ,Put some hair on your chest.,"술이야, 좀 마셔",
678 ,"Oh, my God! What is that?",맙소사! 뭘로 만든 거야?,
684 ,I don't even know.,나도 몰라,
685 ,It's Gally's recipe.,갤리가 만드는데,
688 ,It's a trade secret.,방법은 비밀이래,
692 ,"Yeah, well, he's still an asshole.",밥맛없는 자식이야,
694 ,He saved your life today.,녀석이 오늘 널 구해줬잖아?,
697 ,Trust me. The maze is a dangerous place.,명심해 미로는 위험한 곳이야,
703 ,"We're trapped here, aren't we?","우리, 여기 갇힌 거지?",
712 ,For the moment.,지금은 그렇지,
714 ,But...you see those guys?,그치만...쟤들 보이지?,
720 ,"There, by the fire?",불 옆에?,
723 ,Those are the runners.,러너들인데,
725 ,"That guy in the middle there, that's Minho.",가운데 있는 녀석이 민호야,
728 ,He's the Keeper of the Runners.,러너들을 이끌지,
731 ,"Every morning, when those doors open, they run the maze...mapping it, memorizing it, trying to find a way out.",아침마다 문이 열리면 쟤들이 미로 안을 뛰면서 구조를 외우고 지도를 만들며 나갈 길을 찾아,
738 ,How long have they been looking?,얼마동안 그랬는데?,
741 ,Three years.,3년,
744 ,And they haven't found anything?,근데 아직도 못 찾았어?,
748 ,It's a lot easier said than done.,말처럼 쉬운 게 아냐,
751 ,Listen.,들어봐,
758 ,Hear that?,들려?,
759 ,"It's the maze, changing.",미로의 구조가 바뀌는 소리야,
762 ,It changes every night.,매일밤 바뀌지,
765 ,How is that even possible?,그게 어떻게 가능해?,
769 ,"You can ask the people who put us in here, if you ever meet the bastards.",우릴 여기 보낸 놈들한테 물어봐 만나게 된다면!,
773 ,"Listen, the truth is...the runners are the only ones who really know what's out there.",솔직히 말해서 밖에 뭐가 있는지 아는 건 러너들뿐이야,
782 ,"They are the strongest and the fastest of us all. And it's a good thing, too... because if they don't make it back before those doors close...then they are stuck out there for the night.",우리들 중에 가장 강하고 빠른데 다행인 거지. 왜냐면 문이 닫히기 전에 못 돌아오면 미로에서 밤을 보내야 하는데,
789 ,And no one has ever survived a night in the maze.,밤중에 미로 안에서 살아남은 사람 없어,
794 ,What happens to them?,어떻게 되는데?,
801 ,"Well, we call them Grievers.",일명 '그리버'란 괴물들,
807 ,"Of course, no one's ever seen one and lived to tell about it.",물론 놈들을 만났다가 살아돌아온 애는 없지,
813 ,But they're out there.,그 괴물들이 저곳에 있어,
817 ,"Right, that's enough questions for one night.","됐어, 오늘밤은 그쯤만 알아두라구",
824 ,Come on. You're supposed to be the guest of honor.,널 위한 파티잖아,
830 ,Let me show you around.,따라와 구경시켜줄게,
832 ,Come on.,어서,
838 ,And there we got the builders.,쟤들은 건축팀이야,
839 ,They're very good with their hands but not a lot going on upstairs.,손재주는 좋지만 좀 덜떨어진 애들,
843 ,And then we got Winston he's the Keeper of the Slicers.,그리고 쟨 윈스턴인데 도살팀 대장이야,
848 ,"And we got two med-jacks, Clint and Jeff.",그리고 치료팀 클린트와 제프,
850 ,"Hey, what's up?",재밌냐?,
850 ,"Yo, Newt.","안녕, 뉴트",
852 ,They spend most of their time bandaging up the slicers.,도살팀 애들이 단골 손님이지,
855 ,What if I want to be a runner?,러너가 되려면 어떡해야 돼?,
857 ,Have you listened to a word I've just said? No one wants to be a runner.,내 말 안듣고 뭐했어? 러너가 되고 싶어하는 사람은 없어,
861 ,"And, besides, you gotta get chosen.",게다가 선택받아야 하고,
863 ,Chosen by who?,누가 선택하는데?,
866 ,"What do you say, Greenie?","어때, 신참?",
872 ,Wanna see what you're made of?,실력 좀 볼까?,
874 ,Greenie! Greenie! Greenie!,"신참, 신참, 신참",
891 ,Okay. All right.,"좋아, 알았어",
897 ,"The rules are simple, Greenie.","룰은 간단해, 신참",
900 ,I try to push you out of the circle...,원 밖으로 밀려나지 말고,
901 ,you try to last more than five seconds.,딱 5초만 버텨봐,
904 ,Take it easy on the Greenie.,살살 다뤄줘,
904 ,Ready?,준비됐냐?,
913 ,"Get up, boy.",잽싸게 일어나,
914 ,"Come on, Greenie. We're not done yet.","일어나, 신참 아직 끝난 게 아냐",
917 ,Stop calling me Greenie.,신참이라고 부르지 마,
920 ,Stop calling you that? What do you wanna be called? Shank?,"왜, 싫어? 그럼 뭐라고 불러줄까? 초짜?",
927 ,"What do you think, boys? Does he look like a Shank?","어때, 얘들아? 초짜처럼 생기지 않았냐?",
937 ,Come on!,일어나,
939 ,You know what? I think I've settled on Shank.,좋아 초짜라고 불러주지,
952 ,"There you go, Greenie!","잘한다, 신참",
954 ,"Not bad for a Greenie, huh?",신참치곤 제법이지?,
964 ,Thomas.,토마스,
969 ,Thomas. Hey!,토마스야,
972 ,Thomas!,토마스!,
976 ,I remember my name. I'm Thomas!,내 이름이 기억났어 난 토마스야,
979 ,Thomas!,토마스!,
986 ,"Welcome home, Thomas.","환영한다, 토마스",
993 ,Good job... Thomas.,"잘했어, 토마스",
1005 ,What the hell was that?,무슨 소리지?,
1012 ,"That, my friend, was a Griever.","저게 뭐냐면, 친구 그리버야",
1017 ,"Don't worry, you're safe here with us.",걱정하지 마 여긴 안전해,
1021 ,Nothing gets through those walls.,저 벽을 넘어오진 못해,
1024 ,"All right, guys.",좋아,
1026 ,Let's tuck it in for the night. Come on.,이제 그만 자자구 다 돌아가,
1028 ,It was a good night.,재밌게 놀았잖아,
1029 ,"Good job, man.",잘 싸웠어,
1032 ,You're safe here with us.,여긴 안전해,
1063 ,Wicked is good.,위키드는 좋은 일을 하는거야,
1065 ,What's out there?,저 밖에 뭐가 있지?,
1065 ,"Thomas, Thomas.","토마스, 토마스",
1068 ,Can you hear me?,내 말 들려?,
1072 ,Everything is going to change.,모든 게 바뀔 거야,
1075 ,Thomas.,토마스,
1080 ,Follow me.,따라와,
1086 ,"It's peaceful, isn't it?",참 평화롭지?,
1094 ,"I know it's hard to believe, but it wasn't always this way. We had dark days.",믿기 힘들겠지만 항상 이렇진 않았어. 힘든 시기가 있었지,
1102 ,We lost a lot of boys to fear. To panic.,많은 친구들이 공포와 두려움 속에 죽어갔고...,
1107 ,We've come far since then.,이후로 많이 달라졌어,
1111 ,Established order... made peace.,질서를 세우고 평화를 이뤘지,
1116 ,Yeah. Why are you telling me this?,왜 나한테 그런 얘길 하는 거야?,
1120 ,Because you're not like the others.,왜냐면 넌 남들과 다르니까,
1122 ,You're curious.,호기심이 많지,
1126 ,But you're one of us now.,하지만 지금은 우리 일원이야,
1128 ,You need to know what that means.,그게 뭘 뜻하는지 알아야 돼,
1132 ,What happened to them?,이들은 어떻게 됐지?,
1156 ,Like I said...,말했잖아,
1158 ,"dark days, Thomas.",힘든 시기가 있었어 토마스,
1161 ,Has anyone tried climbing to the top?,벽 꼭대기까지 올라가봤어?,
1177 ,Tried it. The ivy doesn't go all the way to the top.,시도는 해봤지 담쟁이덩굴이 거기까지 안 자라,
1182 ,"And besides, where are you gonna go from there?",또 올라가봐야 어디로 가겠어?,
1184 ,"And what about the Box? You know, next time it comes up...",박스는? 다음에 그게 올라오면...,
1186 ,"No, we tried that.",그것도 해봤는데,
1189 ,The Box won't go back down with someone in it.,사람이 타면 내려가질 않아,
1191 ,"Okay, what if we...",그럼...,
1191 ,"No, we tried it, all right? Twice.","해봤다구, 알았어? 두 번이나!",
1195 ,"All right? Trust me. Anything you think of, we've already tried.","네가 생각해낼 수 있는 것들, 다 해봤어",
1200 ,The only way out of here is through the maze.,유일한 탈출구는 미로뿐이야,
1204 ,"Now, look, you wanna be helpful?",도움이 되고 싶어?,
1207 ,Here. Go dig us up some more fertilizer.,"그럼, 자... 가서 비료나 퍼와",
1212 ,"""Just get the fertilizer, Thomas.""","'비료나 퍼와, 토마스'",
1223 ,"""Are you sure, guys? I can't help in any other way?""",'다른 도울 일은 없어?',
1226 ,"""No, just get the fertilizer.","'됐고, 비료나 퍼와'",
1228 ,"""You know where it is. It's just out in the middle of the woods.""",'어디 있는지 알지? 숲 한가운데야',
1277 ,"You're Ben, right?","너, 벤이지?",
1279 ,I don't know if we ever...,정식으로 인사는...,
1281 ,Are you okay?,괜찮아?,
1287 ,Get the hell off me!,저리 가!,
1289 ,It's your fault.,다 네 잘못이야,
1291 ,I saw you.,널 봤어,
1293 ,You did this.,네가 우릴 이랬어,
1294 ,I saw you!,널 봤어!,
1303 ,Hey! Hey!,도와줘!,
1331 ,Help! Help!,도와줘! 도와줘!,
1333 ,Help!,도와줘!,
1336 ,I'll kill you!,죽여버리겠어!,
1345 ,Hold him down.,못 일어나게 해,
1349 ,What are you doing?,왜 이래?,
1351 ,"Calm down, Ben.","진정해, 벤",
1352 ,What the hell happened?,어떻게 된 거야?,
1353 ,He just attacked me!,갑자기 날 공격했어,
1353 ,Are you okay?,괜찮아?,
1357 ,"Calm down, Ben.","진정해, 벤",
1358 ,No. No.,"안돼, 안돼",
1363 ,"All right, lift his shirt.",셔츠 올려봐,
1367 ,No! No! Please. Please.,"안돼, 안돼 제발...",
1371 ,He's been stung.,그리버한테 찔렸어,
1374 ,In the middle of the day?,이 대낮에?,
1377 ,"Help me, please.",살려줘,
1384 ,Put him in the pit.,구덩이에 넣어,
1385 ,"Everybody, help. Take him to the pit.",전부 도와 구덩이로 데려가,
1387 ,No! - Med-jack!,안돼!  치료팀!,
1388 ,Please don't do it!,안돼 그러지마!,
1390 ,"Calm down, Ben.","진정해, 벤",
1392 ,"Back down, Ben.",가만있어,
1393 ,Listen to me! Please!,내 말을 들어봐 제발!,
1398 ,"Please, stop, please!","이러지 마, 제발!",
1401 ,He did this!,그놈 때문이야!,
1402 ,"Please stop! No! No, please! Help me!","이러지 마 놔달란 말야, 제발!",
1405 ,So what happened to him?,벤이 왜 그렇게 됐지?,
1407 ,"It's called ""The Changing.""",변하는 과정이야,
1413 ,It's what happens when someone gets stung.,그리버한테 찔리면 그렇게 돼,
1417 ,Listen.,잘 들어,
1420 ,We haven't been able to get a clear word out of Ben since it happened. He's not making any sense. And it's only gonna get worse.,벤이 찔린 후로 이상해졌어. 이해할 수 없는 헛소리만 해대고 점점 더 심해지겠지,
1435 ,The infection is spreading. He's dangerous.,감염이 퍼질 텐데 그냥 두면 위험해,
1439 ,What did he say to you?,녀석이 너한테 뭐랬어?,
1444 ,He said he saw me...,날 봤다고 했어,
1453 ,and that this was all my fault.,이게 전부 내 잘못이라면서,
1455 ,How could this be my fault?,이게 어떻게 내 잘못이야?,
1460 ,Get some rest.,좀 쉬어,
1467 ,Alby?,알비?,
1470 ,What's gonna happen to him?,벤은 어떻게 돼?,
1473 ,"Just listen to me. Just, please, listen to me!",좀 들어봐 제발 내 말을 들어보라구,
1492 ,"Please, Minho!","제발, 민호",
1495 ,Alby!,알비!,
1518 ,"No, please. Please, don't.","안돼, 안돼 제발 부탁이야",
1526 ,"Please, don't do it.",제발 이러지 마,
1542 ,Poles!,장대!,
1552 ,Move in!,앞으로!,
1556 ,"No, no, no! Please!","안돼, 안돼 제발!",
1559 ,"No, please! Please, don't!",제발 이러지 마 살려줘!,
1562 ,"I can get better! Please, just listen to me!",금방 나을 거야 제발 내 말을 들어봐,
1565 ,"Please, stop, please!",제발 이러지 마,
1567 ,Push him in!,밀어넣어,
1570 ,Stop!,그만!,
1572 ,I'll get better!,"나, 나을 거야!",
1586 ,He belongs to the maze now.,이젠 미로가 녀석의 집이야,
1611 ,Do you think he might make it?,저기서 살 수 있을까?,
1652 ,Ben?,벤?,
1656 ,No.,아니,
1659 ,No one survives a night in the maze.,아무도 밤에는 미로에서 살아남진 못해,
1663 ,We just gotta forget about him.,이제 그냥 잊어버려,
1704 ,Don't make it easy on them.,그들을 더 힘들게 만들어,
1705 ,Thomas.,토마스,
1709 ,Everything is going to change.,모든 게 바뀔 거야,
1712 ,Wicked is good.,위키드는 좋은 일을 하는거야,
1715 ,This is gonna hurt a little.,조금 아플 거다,
1719 ,Wicked is good.,위키드는 좋은 일을 하는거야,
1723 ,"Thomas, you have to choose.","토마스, 선택해야 돼",
1730 ,But why would Alby go into the maze?,왜 알비가 미로에 들어가?,
1756 ,"I mean, he's not a runner.",러너가 아니잖아,
1758 ,Things are different now.,상황이 달라졌어,
1760 ,Alby went to retrace Ben's footsteps before sundown.,벤이 갔던 곳을 확인하러 들어간 거야,
1763 ,Are you gonna help?,안 도울 거야?,
1764 ,So he's gonna go back to where Ben was just stung...,그러니까 벤이 찔린 곳에 가서...,
1766 ,Alby knows what he's doing all right?,알비한테 맡겨둬. 알았어?,
1769 ,He knows better than any of us.,우리 누구보다도 잘 아니까,
1771 ,What does that mean?,무슨 뜻이야?,
1774 ,"Well, it's like you have heard, yeah? Every month, the Box sends up a new arrival.",너도 들었겠지만 매달 신참이 박스에 담겨서 와.,
1783 ,"But someone had to be first, right? Someone had to have spent a whole month in the Glade, alone.",하지만 맨 처음에 온 사람은 글레이드에서 한달을 혼자 지내야 했지,
1790 ,That was Alby.,그게 알비였어,
1794 ,"I mean, it can't have been easy.",쉽지 않았겠지만,
1797 ,"But when those other boys started coming up, one after the other... he saw the truth.",이후로 다른 애들이 줄줄이 왔고 알비는 진실을 봤어,
1802 ,And he learned that the most important thing...is that we all have each other.,가장 중요한 게 뭔지를 깨달은 거지. 힘을 합쳐야 살아남는다는 거...,
1807 ,Because we're all in this together.,우린 다 한배를 탔으니까,
1811 ,Yeah.,그래,
1831 ,"There you go, Greenie.","잘하네, 신참",
1841 ,They should be back by now.,지금쯤은 돌아왔어야 했어,
1859 ,What happens if they don't make it?,못 돌아오면 어떻게 돼?,
1862 ,They're gonna make it.,돌아올 거야,
1864 ,What happens if they don't?,못 돌아오면?,
1868 ,They're gonna make it.,반드시 돌아올 거야,
1871 ,"Come on, guys, can't we send someone after them?",누굴 보내서 찾아보면 안돼?,
1906 ,That's against the rules.,그건 룰에 어긋나,
1908 ,Either they make it back or they don't.,스스로 알아서 돌아와야 하지,
1911 ,We can't risk losing anyone else.,다른 애들까지 잃을 순 없으니까,
1920 ,"Oh, no.",안돼...,
1928 ,There!,저기!,
1932 ,"Wait, something's wrong.",뭔가 잘못됐어,
1937 ,"Come on, Minho, you can do it!","힘내, 민호!",
1939 ,Come on! Go!,빨리 와!,
1941 ,"Come on, you can make it!",해낼 수 있어!,
1945 ,"Minho, you gotta leave him!","민호, 알비를 버려!",
1946 ,They're not gonna make it.,둘 다 죽겠어,
1948 ,You gotta leave him!,알비를 두고 와!,
1957 ,"Thomas, no!","토마스, 안돼!",
1978 ,Good job.,참 잘했네,
1986 ,You just killed yourself.,너도 이제 죽은 목숨이야,
1990 ,What?,뭐라구?,
2000 ,What happened to him?,어떻게 된 거야?,
2008 ,What does it look like?,보면 몰라?,
2010 ,He got stung.,찔렸어,
2013 ,What happened to his head?,이마는 왜 이래?,
2016 ,I did what I had to do.,내가 할 일을 했을 뿐이야,
2030 ,"Okay. Okay, help me get him up.",좋아 일으키게 도와줘,
2034 ,We gotta go. The maze is already changing.,가야 돼 미로가 벌써 바뀌고 있어,
2037 ,"Hey, Minho!",민호!,
2038 ,We can't just leave him here.,이렇게 두고 갈 순 없어,
2043 ,We gotta get him up.,"자, 일으켜",
2060 ,Come on.,더 빨리,
2066 ,Just sit him down. Sit him down.,여기 앉혀 앉혀,
2089 ,This isn't going to work. We gotta go.,이러다간 다 죽어.. 가야 돼,
2094 ,We gotta go!,가자,
2095 ,"Wait, what are you talking about? We gotta hide him.",이렇게 두곤 못가. 숨겨주자,
2098 ,Where?,어디에?,
2098 ,I don't know.,나도 몰라,
2099 ,Are you telling me there's not a single place we could take him?,알비를 숨길만한 곳이 없단 말야?,
2103 ,"Listen to me, shuck-face, all right.","잘 들어, 등신아",
2106 ,Take a look around. There's nowhere to go!,주위를 봐 숨길 곳 따윈 없다구,
2112 ,You don't get it.,아직도 모르는군,
2117 ,We're already dead.,우린 벌써 죽었어,
2139 ,"Two, three...","둘, 셋",
2145 ,"Two, three...","둘, 셋",
2149 ,Okay.,좋아,
2156 ,What are you doing? What are you doing?,뭐 하는 거야?,
2158 ,What are you doing?,뭐해?,
2162 ,We gotta go. We gotta go now!,"가야 돼, 당장!",
2168 ,"No, no, just a little more and we'll tie it off.","안돼, 조금 더 올려서 묶어야 돼",
2173 ,"Minho, stay with me.",도와줘,
2176 ,"Stay with me, Minho.","도와줘, 민호",
2178 ,"Just a little more, we're almost there.",조금만 더 올리자,
2180 ,"I'm sorry, Greenie.","미안해, 신참",
2180 ,What?,뭐라구?,
2181 ,Minho!,민호!,
2238 ,Come on.,어서...,
2330 ,"Oh, shit!",빌어먹을!,
2402 ,You're a crazy son of a bitch.,이 미친 자식!,
2404 ,"Come on, follow me. Come on!","따라와, 빨리!",
2413 ,"Okay, it's changing. Come on, come on!","미로가 바뀌고 있어 빨리, 빨리",
2417 ,This section is closing. Come on.,이 구역이 닫히고 있어,
2419 ,We can lose it down here!,저쪽에서 놈을 따돌리자,
2429 ,What are you waiting for? Get out of there!,뭘 기다려? 거기서 나와!,
2437 ,Come on!,와!,
2439 ,Come on!,오라구!,
2444 ,"Come on, Thomas! Don't look back!","토마스, 뒤를 보지마!",
2446 ,Run!,뛰어!,
2448 ,"Move it, Thomas! Go on!","뛰어, 토마스 계속 뛰어!",
2450 ,Move your ass! Let's go! Come on!,"달려, 더 빨리!",
2453 ,"Come on, Greenie! Let's go!","빨리, 신참 달려!",
2455 ,Thomas!,토마스!,
2457 ,"Guys, get up!","형들, 빨리 일어나",
2467 ,"I told you, Chuck.","내가 그랬지, 척?",
2484 ,They're not coming back.,녀석들은 안 와,
2486 ,Let's go.,가자,
2489 ,No way.,말도 안돼,
2499 ,Yeah!,왔어!,
2508 ,"I got him, I got him, I got him.","됐어, 여기 눕혀",
2511 ,Watch out. Easy.,"조심해, 조심",
2513 ,What happened out there?,어떻게 된 거야?,
2513 ,How did you guys make it out?,어떻게 나왔어?,
2516 ,You saw a Griever?,그리버를 봤어?,
2522 ,"Yeah, I saw one.","그래, 봤어",
2525 ,He didn't just see it. He killed it.,보기만 한 게 아냐. 토마스가 놈을 죽였어.,
2539 ,Things are changing.,상황이 달라졌어,
2544 ,There's no denying that.,그건 부정 못해,
2546 ,"First, Ben gets stung in broad daylight.",벤이 벌건 대낮에 그리버한테 찔렸고,
2551 ,And then Alby.,이젠 알비까지...,
2553 ,"And now our Greenie, here, has taken it upon himself...to go into the maze.",그리고 여기 이 신참은 자기 멋대로 미로에 들어갔어,
2560 ,Which is a clear violation of our rules here.,우리가 생명처럼 여기는 룰을 어겼지,
2564 ,Yeah... but he saved Alby's life.,그래 하지만 알비를 구했잖아,
2567 ,Did he?,그래?,
2569 ,"For 3 years, we have coexisted with these things.",3년간 우린 그리버들과 공존해왔어,
2575 ,"And now, you've killed one of them.",근데 네가 한놈을 죽였지,
2578 ,Who knows what that could mean for us.,이제 어떻게 될지 뻔하잖아?,
2583 ,What do you suggest we do?,그래서 어쩌잔 거야?,
2586 ,He has to be punished.,토마스를 벌줘야 돼,
2588 ,Come on.,말도 안돼,
2589 ,He killed a Griever!,그리버를 해치웠잖아,
2591 ,Minho.,민호,
2593 ,You were there with him. What do you think?,네 생각은? 둘이 같이 있었잖아,
2596 ,I think...,내 생각에...,
2601 ,in all the time we've been here...no one has ever killed a Griever before.,지금까지 우리들 중에 그리버를 죽인 사람은 없었어,
2607 ,When I turned tail and ran...,난 도망쳤는데,
2613 ,this dumb shank stayed behind to help Alby.,저 초짜는 알비 구하겠다고 뒤에 남았지,
2617 ,"Look, I don't know if he's brave or stupid.",용감한 건지 멍청한 건진 몰라도,
2622 ,"But whatever it is, we need more of it.",우리한텐 저런 녀석이 더 필요해,
2627 ,I say we make him a runner.,러너를 시키자,
2630 ,A runner? What?,러너를 시켜? 농담이지?,
2632 ,"Minho, let's not jump the gun, here.",섣부른 결정 아냐?,
2635 ,Thomas! Thomas! Thomas!,"토마스, 토마스 토마스",
2638 ,"If you want to throw the newbie a parade, that's fine.",초짜한테 목숨 맡기겠다? 좋을 대로!,
2642 ,Go ahead.,얼마든지 그러라구,
2644 ,But if there is one thing I know about the maze... it is that you do not...,하지만 미로에 대해선 내가 잘 아는데 절대로...,
2661 ,"Okay, wait. I know that sound.",잠깐만 들어본 소리야,
2664 ,The Box. It's coming back up.,박스가 올라오고 있어,
2664 ,It shouldn't be.,그럴리 없어,
2667 ,"Newt, what do you see?","뉴트, 뭐가 들었어?",
2674 ,Do you see it?,보여?,
2681 ,It's a girl.,여자애야,
2685 ,No way.,말도 안돼,
2687 ,I think she's dead.,죽은 것 같아,
2692 ,What's in her hand?,손에 뭐야?,
2695 ,"""She's the last one... ever.""",'이 여자애가 마지막이다',
2711 ,What the hell does that mean?,무슨 뜻이지?,
2719 ,Thomas...,토마스,
2721 ,Do you still think I'm overreacting?,이래도 내가 오버하는 것 같냐?,
2753 ,"Jeff, what's going on?","제프, 좀 어때?",
2755 ,What's the matter with her? Why won't she wake up?,문제가 뭐지? 왜 깨어나질 않는 거야?,
2757 ,"Hey man, I got my job the same way you did.",나도 너희들 처럼 이 일을 하게 된거라고!,
2761 ,Do you recognize her?,누군지 알아?,
2768 ,No.,아니,
2770 ,Really? Because she seemed to recognize you.,이 여자는 널 아는 것 같던걸,
2774 ,What about the note?,그 쪽지는?,
2776 ,We'll worry about the note later.,그건 나중에 걱정하자,
2780 ,I think you should worry about it now.,지금 걱정해야 될 거야,
2782 ,We've got enough to deal with at the moment.,지금 그거 신경 쓸 겨를 없어,
2786 ,"He's right, Newt.",토마스가 옳아 뉴트,
2788 ,"If the Box isn't coming back up, how long do you think we can last?",박스가 안 올라오면 우리가 얼마나 버티겠어?,
2792 ,No one said that.,누가 안 올라온대?,
2795 ,Let's not jump to any conclusions.,아무도 모르니까 지레 겁먹지 마,
2798 ,We'll just wait until she wakes up and see what she knows.,이 여자가 깨어나면 뭘 아는지 알아내자,
2801 ,Somebody has gotta have some answers around here.,누군가는 해답을 갖고 있겠지,
2806 ,Okay.,그래,
2808 ,Where are you going?,어디 가?,
2808 ,Back into the maze.,다시 미로에 갈 거야,
2818 ,"Hey, Thomas.","야, 토마스",
2821 ,"What is this with you, huh? A death wish?",왜 그래? 죽고싶어 환장했어?,
2825 ,You just got out and now you want back in?,겨우 나왔는데 다시 들어간다구?,
2828 ,"Newt said that no one has ever seen a Griever and lived to tell about it, right?",뉴트는 그리버 만나서 살아남은 사람 없댔지?,
2832 ,"Minho, now we have one.",우린 놈을 봤어,
2835 ,You're telling me you're not even a little bit curious?,근데 궁금하지 않아?,
2838 ,"Not really, no.","응, 전혀",
2840 ,"So, what's the plan?",어쩔 생각인데?,
2846 ,You're gonna go out and dissect that thing all by yourself?,혼자서 그 자식을 해부라도 하겠다?,
2848 ,I will if I have to.,그래야만 한다면!,
2850 ,Have the other runners left yet?,다른 러너들 갔어?,
2853 ,The other runners quit this morning.,오늘 아침에 다 그만뒀어,
2855 ,"After Alby got stung, they're not in any hurry to get back out there.",알비가 찔린 후로 미로에 들어가길 주저해,
2861 ,Why are you?,넌 왜 가려는 거야?,
2865 ,I think it's time we find out what we're really up against.,우리가 싸우는 상대가 뭔지 알아야겠어,
2869 ,All right.,좋아,
2874 ,But you're not going back out there alone.,하지만 너 혼자는 못 보내,
2877 ,Meet me in the woods in half-an-hour.,30분 후에 숲에서 만나자,
2897 ,Will this be enough?,이 정도면 되겠어?,
2904 ,Okay.,좋아,
2909 ,Let's go.,가자,
2911 ,Come on!,서둘러,
2929 ,That's disgusting.,더럽게 역겹네,
2953 ,There's something in there.,안에 뭔가가 있어,
2956 ,"You mean, besides a Griever pancake?",그리버 팬케이크 말고 뭐가 더 있다고?,
2959 ,"Whoa, what are you doing?","잠깐만, 어쩌려구?",
2983 ,I thought you said it was dead.,죽었다고 했잖아,
2987 ,Was it a reflex?,반사 신경인가?,
2988 ,You hope.,그럼 좋겠다,
2990 ,"Okay, come on. Let's try and pull it out.",좋아 끄집어내자,
2994 ,Everyone get a hand on it. Come on.,다 달라붙어,
2996 ,"All right, ready? On three.",준비됐어? 셋 셀게,
2998 ,"One, two, three!","하나, 둘, 셋!",
3008 ,"Are you okay, Fry? -","괜찮아, 프라이?",
3011 ,"Yeah. Thanks, brother.","응, 고마워",
3041 ,What the hell is that?,그게 뭐야?,
3048 ,Interesting.,흥미롭네,
3058 ,"Okay, whatever it is...",그게 뭐든,
3060 ,can we take this up back at the Glade?,글레이드로 가서 얘기하면 안될까?,
3062 ,Because I don't want to meet this guy's friends.,이 그리버 친구들을 만나긴 싫거든,
3065 ,He's right.,그래,
3066 ,It's getting late. Come on.,시간이 늦었어 돌아가자,
3069 ,We found this.,이걸 찾았어,
3082 ,It was inside a Griever.,그리버 몸속에서,
3084 ,These are the same letters we get in our supplies.,보급품에 적힌 것과 같은 문구잖아,
3087 ,Yeah. Whoever put us here obviously made the Grievers.,그래. 우릴 여기 보낸 자들이 그리버를 만든 거야.,
3091 ,"This is the first real clue, the first anything, you've found in over 3 years. Right, Minho?","이게 3년 만에 처음 찾아낸 진짜 단서지.  안 그래, 민호?",
3095 ,Right.,맞아,
3097 ,"Newt, we gotta go back out there. Who knows where this might lead us.","뉴트, 다시 미로로 들어가야 돼. 이걸 이용하면 출구를 찾을지도 몰라",
3103 ,"You see what he's trying to do, right?",이래도 토마스를 봐줄 거야?,
3107 ,First he breaks our rules...and then he tries to convince us to abandon them totally.,처음엔 룰을 깨뜨리더니 이젠 싸그리 무시하라고 꼬드기고 있잖아,
3112 ,The rules are the only thing that have ever held us together.,지금껏 룰이 있어서 여기가 잘 굴러갔어,
3115 ,Why now are we questioning that?,근데 왜 이제와서 깨뜨려?,
3118 ,"If Alby was here, you know he'd agree with me.",알비가 있었다면 내게 동의했을 거야,
3120 ,This shank needs to be punished.,이 초짜 자식은 벌을 받아야 돼,
3124 ,You're right.,맞아,
3133 ,Thomas broke the rules.,토마스는 룰을 어겼어,
3135 ,"One night in the pit, and no food.",벌은 음식 없이 구덩이에서 하룻밤,
3136 ,"Come on, Newt! One night in the pit?","지금 장난하냐, 뉴트? 겨우 하룻밤?",
3139 ,Do you think that's gonna stop him from going into the maze?,그걸로 미로에 가는 걸 막을 수 있을 것 같아?,
3142 ,No.,아니,
3143 ,And we can't just have non-runners running into the maze whenever they feel like it.,러너가 아닌데 미로에 들여보낼 순 없지,
3147 ,So let's just make this official.,그러니까 지금 정하자,
3150 ,"Starting from tomorrow, you're a runner.",내일부터 넌 정식으로 러너야,
3161 ,"Thanks, Newt.","고마워, 뉴트",
3170 ,"Hey, where are we going?",어디 가는 거야?,
3189 ,You'll see.,가보면 알아,
3217 ,It's the maze.,미로야,
3221 ,All of it.,전부 다...,
3223 ,"What do you mean ""all of it""? I thought you were still mapping it.",무슨 소리야? 아직 다 파악 못했다면서,
3229 ,There's nothing left to map.,더 파악할 게 없어,
3232 ,I've run every inch of it myself.,내가 구석구석 다 가봤어,
3235 ,Every cycle.,모든 주기,
3237 ,Every pattern.,모든 패턴,
3239 ,"If there was a way out, we would have found it by now.",나가는 길이 있다면 벌써 찾았겠지,
3244 ,Why haven't you told anyone this?,왜 다른 애들한테 말 안했어?,
3249 ,It was Alby's call.,알비 결정이었어,
3253 ,People needed to believe we had a chance of getting out.,여길 나갈 수 있다는 꿈을 갖게 해주자고...,
3256 ,But maybe now...we have a real chance.,근데 어쩌면 더 이상은 꿈이 아닐 거야,
3266 ,Take a look at this.,이걸 봐,
3268 ,"About a year ago, we started exploring these outer sections.",1년 전쯤 이쪽 외곽을 살피기 시작했는데,
3272 ,We found these numbers printed on the walls.,벽에 새겨진 숫자들을 발견했어,
3278 ,"See, the way it works, is every night, when the maze changes...it opens up a new section.",방식은 이래 매일밤 미로가 바뀔 때 새로운 구역이 열리는데,
3284 ,"So today, Section 6 was open.",오늘은 6구역이 열렸어,
3286 ,"Tomorrow, it will be 4, then 8, then 3.",내일은 4구역 그 다음은 8과 3구역,
3290 ,The pattern always stays the same.,패턴은 항상 똑같아,
3293 ,What's so special about 7?,7이 뭐가 특별하지?,
3298 ,I don't know.,나도 몰라,
3300 ,"But last night, when you killed that Griever... Section 7 was open.",어젯밤에 네가 그리버를 죽였을 때 7구역이 열렸어,
3305 ,I think it must be where it comes from.,아마도 놈이 온 곳이겠지,
3308 ,"Tomorrow, you and I are gonna take a closer look.",내일 우리 둘이서 자세히 살펴보자구,
3310 ,Hey! What are you guys doing? You're not allowed in here.,왜 왔어? 여긴 출입금지잖아,
3315 ,"Sorry, it's just the, uh...It's the girl.","미안해, 그게... 여자애 때문에",
3318 ,Is she awake?,깨어났어?,
3320 ,You could say that.,"뭐, 비슷해",
3321 ,"Chuck, what's going on?","척, 무슨 일이야?",
3324 ,Girls are awesome.,진짜 끝내주는 누나야,
3327 ,Leave me alone!,저리 가!,
3328 ,Watch your head!,머리 조심해,
3330 ,"Hey, throw one more of those things... Ow!","이봐, 또 던지면...",
3332 ,Go away!,저리 가!,
3333 ,We come in peace!,말로 하자구,
3334 ,What happened?,어떻게 된 거야?,
3334 ,Just duck!,고개 숙여,
3335 ,I don't think she likes us very much.,우리가 별론가 봐,
3337 ,What do You want from me?,나한테 뭘 원해?,
3337 ,We just wanna talk.,얘길 좀 하자구!,
3339 ,I'm warning you!,웃기지 마!,
3340 ,"Take cover, y'all! Take cover!","피해, 조심해!",
3343 ,"Hey, it's Thomas! It's Thomas!","그만해, 나 토마스야 토마스라구",
3346 ,"I'm gonna come up, okay?",내가 올라갈게 알았지?,
3354 ,Okay.,좋아,
3359 ,Just me.,혼자 갈게,
3362 ,I'm coming up.,올라간다,
3376 ,"Easy, all right?","진정해, 알았지?",
3378 ,Where am I?,여긴 어디야?,
3380 ,What is this place?,어떤 곳이지?,
3382 ,Why can't I remember anything?,왜 내가 아무것도 기억 못해?,
3384 ,This is all normal. Okay? We've all been through this.,그게 정상이야 우리도 다 그랬어,
3387 ,Okay?,알았지?,
3388 ,Your name will come back to you in a couple of days.,이틀쯤 지나면 이름이 기억날 거야,
3391 ,It's the one thing that...,그건...,
3391 ,Teresa.,트리사,
3393 ,What did you say?,뭐라구?,
3395 ,My name.,내 이름,
3397 ,It's Teresa.,트리사야,
3400 ,"Teresa, I'm Thomas.","트리사, 난 토마스야",
3403 ,"But you already knew that, though, I guess, huh?",알고 있었겠지만... 그치?,
3409 ,They said I kept saying your name in my sleep.,내가 잠결에 계속 네 이름을 불렀대,
3413 ,Who are you?,너 누구야?,
3414 ,I don't know.,나도 몰라,
3420 ,I can't remember.,기억 안나,
3425 ,None of us here can remember anything.,여기 모두가 아무것도 기억을 못해,
3428 ,We all woke up here just like you did.,너처럼 깨어보니 여기였어,
3431 ,"Hey, I promise...",정말이야,
3434 ,I'm gonna take this.,이건 나한테 줘,
3439 ,Okay.,좋아,
3443 ,What's going on up there?,어떻게 돼가?,
3446 ,Is she coming down?,내려오겠대?,
3452 ,"Hey, listen, you guys just give us a second, okay?",시간을 좀 줘 알았지?,
3463 ,All right.,좋아,
3466 ,Come on.,가자,
3468 ,Is this what all girls are like?,여자들이 원래 다 저래?,
3471 ,That girl is crazy.,미친 기집애야,
3475 ,"""She's the last one."" What does that mean?",'이 여자애가 마지막이다' 무슨 뜻이야?,
3482 ,I'm not sure.,나도 몰라,
3484 ,"Ever since you came up, that Box hasn't gone back down.",네가 온 후로 박스가 내려가질 않아,
3488 ,I just think it's got everyone a little worried.,그래서 다들 걱정이지,
3493 ,Especially Gally.,특히 갤리가...,
3497 ,He thinks it's my fault.,내 탓이라고 생각하는구나,
3502 ,Are you sure you don't remember anything else?,다른 건 아무것도 기억 안나?,
3509 ,I remember water...,물이 기억나,
3513 ,feeling like I was drowning.,익사하는 것 같은 느낌이었어,
3515 ,"These faces staring at me. And this woman's voice saying the same thing over and over. ""Wicked is good.""","날 쳐다보는 얼굴들, 같은 말을 계속 되풀이하는 어떤 여자의 목소리. '위키드는 좋은 일을 하는거야'",
3528 ,"Ever since I've been here, I've had these dreams. Well, I thought they were dreams. You... You were there.",여기 온 후로 계속 같은 꿈을 꿨어. 지금까진 꿈인 줄 알았지. 네가... 그 꿈에 나왔어,
3547 ,and you told me that everything was gonna change.,모든 게 바뀔 거라고 하면서...,
3551 ,What does it mean?,그게 무슨 뜻이야?,
3556 ,I don't know. I just always get pieces.,모르겠어 다 기억나는 건 아냐,
3561 ,And the others don't remember anything?,다른 애들은 아무것도 기억 못해?,
3564 ,No.,전혀,
3565 ,Why are we different?,우린 왜 다른 거지?,
3570 ,These were in my pocket when I came up.,주머니에 이게 들어있었어,
3589 ,"""Wicked is good.""",'위키드는 좋은 일을 하는거야',
3594 ,What if we were sent here for a reason?,우릴 여기 보낸 이유가 있지 않을까?,
3599 ,Alby.,알비!,
3605 ,We don't even know what this stuff is.,이게 무슨 약인지,
3607 ,We don't know who sent it.,누가 보냈는지도 모르잖아,
3608 ,Or why it came up here with you.,왜 널 통해서 이걸 보냈는지도...,
3610 ,"For all we know, this thing could kill him.",이게 알비를 죽일지도 몰라,
3613 ,He's already dying.,어차피 죽어가잖아,
3615 ,Look at him.,보라구,
3617 ,How could this possibly make it any worse?,더 나빠질 것도 없잖아?,
3622 ,"Come on, it's worth a try.",해볼 가치가 있어,
3625 ,All right.,좋아,
3629 ,Do it.,해봐,
3631 ,Okay.,좋아,
3644 ,You shouldn't be here! You shouldn't be here!,넌 여기 있으면 안돼!,
3646 ,No!,안돼!,
3647 ,Watch out!,조심해,
3651 ,Get the syringe! Let go!,주사기 줘 빨리!,
3655 ,"Well, that worked.",효과 있네,
3665 ,"Okay, from now on... someone stays here and watches him around the clock.",지금부터는 누가 남아서 24시간 알비를 지켜봐,
3676 ,"Sundown, Greenie. Time to go.","해가 졌어, 신참 가자구",
3682 ,"Hey, what is your problem with me?",왜 그렇게 날 싫어해?,
3700 ,"Everything started going wrong the minute you showed up. First Ben, then Alby... and now the girl.","네가 나타난 순간부터 모든 게 틀어졌어. 처음엔 벤, 그리고 알비, 이제 여자애까지",
3708 ,Everybody saw she recognized you.,그 여자애가 널 알아봤어,
3712 ,And I'm betting you know who she is.,장담하는데 너도 걔가 누군지 알겠지,
3724 ,Gally...,갤리,
3733 ,"you know we can't stay here forever, right?",너도 알잖아? 영원히 여기 있을 순 없어,
3759 ,Who's there?,거기 누구야?,
3760 ,It's just me.,나야,
3762 ,"Sorry, Chuck.","미안, 척",
3764 ,Here.,여기,
3766 ,You'll run better on a full stomach.,배가 든든해야 잘 뛰지,
3780 ,"Thanks, Chuck.","고맙다, 척",
3782 ,"Hey, what do you got there?",그건 뭐야?,
3789 ,"Wow, that came out pretty damn good.","우와, 잘 만들었는걸",
3798 ,What's that for?,누구 줄 건데?,
3799 ,It's for my parents.,우리 부모님,
3803 ,You remember your parents?,부모님이 기억나?,
3805 ,No.,아니,
3808 ,"I mean, I know I must have them.",그치만 나한테도 부모님이 있겠지,
3812 ,"And wherever they are, I'm sure they miss me... but I can't miss them because I don't remember them.",부모님은 날 그리워하겠지만 난 기억이 안나서 그리워하지도 못해,
3818 ,What do you think you're gonna find out there tomorrow?,내일 미로에 들어가면 뭐가 있을 것 같아?,
3827 ,"Uh, I don't know.",글쎄...,
3831 ,"But if there's a way out, Chuck, me and Minho are gonna find it.",하지만 출구가 있다면 민호와 내가 찾아낼 거야,
3841 ,Here.,여기,
3844 ,"Chuck, why would you give this to me?",이걸 왜 나한테 줘?,
3852 ,I can't remember them anyway.,어차피 부모님을 기억 못하는걸,
3857 ,"But maybe if you find a way out, you can give it to them for me.",여기서 나가면 대신 부모님께 전해줘,
3862 ,I'll let you get some sleep.,"난 갈게, 잘 자",
3866 ,"Hey, Chuck.",척,
3877 ,Come here.,이리 와,
3879 ,Put out your hand.,손 내밀어,
3885 ,I want you to give that to them yourself.,네가 직접 부모님께 드려,
3889 ,We're gonna get out of here.,우린 여기서 나갈 거야,
3893 ,All of us.,전부 다...,
3894 ,Okay?,알았지?,
3897 ,I promise.,약속할게,
3899 ,Yeah.,응,
3899 ,All right.,그래,
3906 ,Good night.,잘 자,
3906 ,"Good night, buddy.",굿나잇,
3921 ,"Big day, Greenie. Are you sure you don't wanna sit this one out?","중요한 날인데, 신참 혹시 빠질 생각없어?",
3925 ,"Come on, man. Get me out of here.","됐고, 어서 꺼내줘",
3925 ,All right.,알았어,
3939 ,Let's go!,가자!,
3954 ,This way. Not much further to the inner ring.,이쪽이야 중심부까지 얼마 안돼,
3961 ,Let's go!,가자!,
3963 ,Come on! This way.,"빨리, 이쪽이야",
3987 ,That's strange.,이상해,
3995 ,What?,뭐가?,
3996 ,Seven is not supposed to be open for another week.,7번은 일주일 후에나 열리게 돼있었어,
3999 ,What the hell is this place?,여긴 대체 뭐야?,
4009 ,We call them blades.,'블레이드'란 곳,
4011 ,"It's Ben's, isn't it?",벤의 셔츠지?,
4032 ,Yeah.,응,
4033 ,A Griever must have pulled him down here.,그리버가 여기로 끌고왔었나 봐,
4064 ,I think it's showing us the way.,이게 길을 안내하고 있어,
4069 ,"Wait, wait, wait.","잠깐, 잠깐만",
4069 ,"What, what?",왜?,
4080 ,This way. Come on.,이쪽이야 가자,
4102 ,"Minho, you ever see this place before?","민호, 여기 와본적 있어?",
4109 ,No.,아니,
4133 ,It's just another dead end.,또 막다른 길이네,
4142 ,Are you sure about this?,이 길이 맞을까?,
4164 ,Nope.,나도 몰라,
4169 ,Grievers.,그리버야,
4209 ,What the hell was that?,방금 그게 뭐였어?,
4222 ,We gotta get out of here.,여기서 나가야 돼,
4225 ,"Give me the key, give me the key!","그 키, 나한테 줘",
4233 ,"Move, move!",서둘러,
4239 ,"We gotta go! Run, Thomas!","가야 돼 뛰어, 토마스!",
4243 ,We're gonna get trapped!,잘못하면 갇혀!,
4245 ,Go! Go!,가!,
4248 ,"Go, go, go!","가, 가!",
4252 ,Move!,빨리!,
4263 ,Minho!,민호!,
4264 ,"Come on! Let's go, let's go!",더 빨리! 계속 가!,
4270 ,"Come on, move!",어서 와!,
4271 ,Keep going! Keep going! Let's go!,계속 뛰어!,
4275 ,"Go, go, go!","가, 가!",
4284 ,"Go, go, go!","가, 가!",
4300 ,Come on! Don't look back!,뒤돌아보지 마!,
4303 ,Come on!,빨리!,
4310 ,"Oh, shit!",빌어먹을!,
4313 ,There!,저기!,
4333 ,What the hell's going on out there?,대체 무슨 일이야?,
4338 ,"What the hell you done now, Thomas?","이번엔 무슨 짓을 했냐, 토마스?",
4339 ,"We found something, a new passage. We think it could be a way out.",새로운 길을 찾았는데 출구일지도 몰라,
4342 ,Really?,정말?,
4342 ,It's true.,진짜야,
4344 ,"We opened a door, something I'd never seen before.",문을 열었는데 처음 보는 곳이었어,
4347 ,I think it must be where the Grievers go during the day.,낮에 그리버가 가는 장소일 거야,
4350 ,You're saying you found the Grievers' home?,그리버의 집을 찾았다고?,
4352 ,And you want us to go in?,근데 거길 가자구?,
4354 ,"Their way in could be our way out, Chuck.",거기가 나가는 길일지도 몰라,
4355 ,"Yeah, or there could be a dozen Grievers on the other side.",아님 반대쪽에 그리버들이 우글대든가,
4358 ,"The truth is, Thomas doesn't know what he has done, as usual.",토마스는 자기가 무슨 짓을 했는지 몰라,
4361 ,"Yeah, at least I did something, Gally. I mean, what have you done? Aside from hide behind these walls all the time?","난 그거라도 했지, 갤리 넌 뭘 했어? 벽 뒤에 숨는 것 빼고 뭘 했냐구?",
4367 ,"Let me tell you something, Greenie.","잘 들어, 신참",
4368 ,"You've been here 3 days, all right? I've been here 3 years!",넌 여기 온지 사흘 됐지만 난 3년째야,
4371 ,"Yeah, you've been here 3 years and you're still here, Gally! What does that tell you?","3년이나 있었는데 아직도 여기 있잖아, 갤리. 아직도 몰라?",
4374 ,Maybe you should start doing things a little differently.,방법을 바꿔보라구,
4376 ,"Maybe you should be in charge, what about that?",네가 대장이라도 되냐?,
4378 ,"Hey, it's Alby!",알비한테 가봐,
4380 ,He's awake.,깨어났어,
4383 ,Has he said anything?,알비가 무슨 말이든 했어?,
4385 ,No.,아니,
4387 ,Alby...,알비,
4390 ,"Alby, are you all right?","알비, 괜찮아?",
4395 ,"Hey, Alby.",알비,
4403 ,"Alby, we might have just found a way out of the maze.",미로에서 나가는 길을 찾은 것 같아,
4409 ,Do you hear me? We could be getting out of here.,들었어? 여기서 나갈 수 있어,
4413 ,We can't.,못 나가,
4417 ,We can't leave.,우린 여길 못 나가,
4420 ,They won't let us.,그들이 허락치 않아,
4423 ,What are you talking about?,무슨 소리야?,
4425 ,I remember.,이제 다 기억나,
4427 ,What do you remember?,뭐가 기억나는데?,
4433 ,You.,너...,
4436 ,"You were always their favorite, Thomas.","그들은 널 제일 좋아했어, 토마스",
4443 ,Always.,항상...,
4448 ,Why did you do this?,왜 그랬어?,
4450 ,Why did you come here?,왜 여길 온 거야?,
4458 ,"Winston, what's going on?","원스턴, 뭐야?",
4465 ,It's the doors. They aren't closing.,미로의 문이 안 닫혀,
4505 ,"Chuck, go to the Council Hall, and start barricading the doors.","척, 본부로 가서 물건들로 문을 막아",
4525 ,"Winston, you go with him.","윈스턴, 같이 가",
4526 ,Got it.,알았어,
4527 ,"Get the others. Tell them to go to the forest. Go hide, now!",다른 애들한테 숲에 숨으라고 해 어서!,
4529 ,"Minho, I want you to grab every weapon you can find.","민호, 무기들 챙겨 전부 다!",
4532 ,I'll meet you at Council Hall.,본부에서 만나자,
4532 ,Let's go.,가자,
4534 ,"Teresa, you and I are gonna go get Alby, all right? Come on.","트리사, 우린 알비를 데리러 가자",
4543 ,"All right, everybody hide!",전부 숨어!,
4548 ,Teresa!,트리사,
4549 ,Come on! Run! Run!,"빨리! 뛰어, 뛰어!",
4560 ,Stay down!,엎드려!,
4562 ,Run!,도망쳐!,
4575 ,Zart!,자트!,
4580 ,Help me!,살려줘!,
4584 ,Go! Get to the village!,본부로 가!,
4586 ,"Go, go, go!",가!,
4601 ,"Stay down, stay down!","숙여, 자세 낮춰",
4602 ,"Gally! Let me in, let me in!",갤리! 문 열어줘!,
4605 ,Alby!,알비,
4613 ,Are you okay?,괜찮아?,
4614 ,What's going on?,무슨 일이야?,
4615 ,They're here.,놈들이 밖으로 나왔어,
4616 ,Grievers?,그리버들이?,
4619 ,"Thomas, what do we do?","토마스, 어떡하지?",
4626 ,It's got me!,잡혔어!,
4631 ,"Everybody, run, run, run!",전부 뛰어!,
4634 ,"Jeff, come on, go, go, go!","제프, 가!",
4650 ,"Everyone, go, go, go!","전부 가, 빨리!",
4670 ,"Keep moving! Oh, shit!","계속 가 젠장, 빌어먹을!",
4674 ,Alby!,알비!,
4676 ,Get behind me!,내 뒤로 와,
4677 ,Come on!,덤벼!,
4682 ,"Over here, let's go!","이쪽이야, 어서!",
4686 ,Over here! Let's go! Come on!,"이쪽이야 뛰어, 빨리",
4689 ,"Over here, come on!",이쪽으로 와!,
4693 ,Winston!,윈스턴!,
4694 ,Get Alby inside.,알비 데리고 들어가,
4696 ,"Chuck, get in! Go, go, go!","척, 빨리 들어가",
4698 ,Lock down the doors!,문 잠가,
4709 ,Careful.,조심해,
4721 ,"Stay back, guys.",뒤로 물러서,
4750 ,Is everyone all right?,다 괜찮아?,
4751 ,Help!,도와줘,
4754 ,"Hey, grab him!",잡아,
4759 ,Watch out!,조심해!,
4766 ,Chuck!,척!,
4767 ,"Chuck, no!","척, 안돼!",
4770 ,Grab him!,잡아,
4772 ,Pull him back!,당겨!,
4772 ,Help!,살려줘,
4773 ,"Chuck, don't let go!","척, 절대 놓지 마",
4776 ,No shit!,걱정 마!,
4776 ,Pull!,당겨!,
4778 ,Don't let him go!,놓으면 안돼,
4780 ,"Chuck, are you okay?","척, 괜찮아?",
4801 ,"Yeah, I'm fine.","응, 괜찮아.",
4803 ,"Thanks, Alby.","고마워, 알비",
4806 ,Alby! Watch out!,"알비, 조심해!",
4811 ,Grab him!,잡아!,
4814 ,"Thomas, get them out.","토마스, 꼭 탈출해",
4818 ,Alby!,알비!,
4822 ,No!,안돼!,
4822 ,Thomas...,토마스,
4824 ,Don't go out there!,나가면 안돼!,
4826 ,"No, Thomas, wait!","안돼, 토마스!",
4827 ,"Thomas, wait!","토마스, 기다려!",
4834 ,Where is everybody?,전부 어딨어?,
4839 ,Who's that over there?,저건 누구야?,
4841 ,Gally...,갤리,
4850 ,"This is all you, Thomas! Look around!",다 네 탓이야 토마스! 주위를 봐!,
4853 ,"Back off, Gally! It's not Thomas' fault!","그만둬, 갤리 토마스 잘못이 아냐",
4855 ,You heard what Alby said!,알비 말 들었잖아,
4855 ,He's one of them!,놈들과 한패야,
4856 ,One of who?,누구?,
4857 ,"He's one of them, and they sent him here to destroy everything, and now he has!",여길 파괴하라고 놈들이 보냈고 그렇게 됐다구,
4867 ,What are you talking about? Calm down.,무슨 소릴 하는 거야? 정신차려,
4878 ,Maybe he's right.,갤리 말이 맞을지도 몰라,
4880 ,Thomas...,토마스,
4882 ,"I need to remember, Teresa.","난 기억을 되찾아야 돼, 트리사",
4887 ,Thomas...,토마스,
4887 ,Thomas!,토마스!,
4887 ,"No, don't!",안돼!,
4889 ,Thomas!,토마스!,
4892 ,"Chuck, get the other syringe!","척, 다른 주사기 가져와",
4894 ,It's okay.,괜찮아,
4896 ,"Thomas, I'm here.","토마스, 나 여기있어",
4898 ,Who put us here?,누가 우릴 여기로 보낸 거지?,
4910 ,That we don't know.,우리도 몰라,
4913 ,Teresa... why are we doing this?,트리사... 왜 이래야 하지?,
4922 ,"Excellent, Thomas. Come with me.","잘했어, 토마스. 날 따라와",
4928 ,Wicked isn't good.,위키드는 나쁜 일을 하는거야,
4928 ,Thomas... Wicked is good.,토마스... 위키드는 좋은 일을 하는거야,
4933 ,How could this be my fault?,이게 어떻게 내 잘못이야?,
4933 ,You did this!,네가 이랬어!,
4937 ,I saw you!,널 봤어!,
4939 ,I can't keep watching them die.,그들이 죽어가는 걸 더는 못 보겠어,
4950 ,Are you okay?,괜찮아?,
4953 ,What the hell were you thinking?,무슨 생각으로 그런 거야?,
4957 ,What happened?,어떻게 된 거야?,
4964 ,Gally has taken control.,이제 갤리가 대장이야,
4966 ,He said we had a choice. Either join him... or get banished at sundown with you.,"우리더러 선택하래 자길 따르든지, 아님 너랑 미로에서 죽든지...",
4973 ,And the others agreed to that?,다른 애들도 그렇게 생각해?,
4977 ,Gally has everyone convinced that you're the reason all this has happened.,너 때문에 우리가 이렇게 됐다는 갤리 말에 설득 당했어,
4982 ,"Well, he's been right so far.",그건 맞는 말이야,
4987 ,What are you talking about?,무슨 소리야?,
4990 ,This place... it's not what we thought it was.,이곳은... 우리가 생각한 것과 달라,
4996 ,"It's not a prison, it's a test.",감옥이 아냐 일종의 시험장이지,
5000 ,It all started when we were kids.,우리가 어렸을 때 시작됐는데,
5003 ,They would give us these challenges.,다 그들이 고안한 테스트야,
5007 ,They were experimenting on us.,우린 그저 실험 대상이지,
5010 ,And then people started disappearing.,근데 사람들이 사라지기 시작했어,
5014 ,"Every month, one after the other, like clockwork.",매달 정확히 한명씩 차례대로,
5017 ,They were sending them up into the maze.,미로로 보낸 거군,
5019 ,"Yeah, but not all of us.",그래 하지만 전부는 아냐,
5022 ,What do you mean?,무슨 뜻이야?,
5024 ,"Guys, I'm one of them.",난 그들 일원이야,
5029 ,"The people who put you here, I worked with them.",너흴 여기 보낸 자들과 함께 일했었어,
5034 ,I watched you guys for years.,난 오랫동안 너희들을 지켜봤어,
5039 ,The entire time you have been here... I was on the other side of it.,너희들이 여기 있는 동안 난 반대쪽에 있었어,
5044 ,So were you.,너도 그렇고,
5049 ,What?,뭐라구?,
5052 ,"Teresa, we did this to them.","트리사, 우리가 같이 이런 거야",
5056 ,No.,아냐,
5059 ,That can't be true.,그럴리 없어,
5061 ,It is. I saw it.,사실이야. 내가 봤어.,
5065 ,Why would they send us up if we were with them?,우리가 그들 일원이라면 왜 여기로 보낸거지?,
5069 ,It doesn't matter.,이젠 상관없어,
5071 ,He's right. It doesn't matter.,토마스 말이 맞아. 이젠 상관없지.,
5074 ,Any of it. Because the people we were before the maze don't even exist anymore. These Creators took care of that.,이 모든 게... 미로에 오기 전의 우리는 이제 존재하지 않아. 예전 기억은 다 지워졌으니까.,
5088 ,"But what does matter is who we are now, and what we do...right now.","지금 우리가 누구이고, 무엇을 하는가가 중요한거야.",
5095 ,You went into the maze and you found a way out.,넌 미로에 들어갔고 나갈 길을 찾아냈어,
5099 ,"Yeah, but if I hadn't, Alby would still be alive.",내가 안 들어갔으면 알비가 안 죽었겠지,
5102 ,Maybe.,어쩌면...,
5107 ,"But I know that if he were here, he would be telling you the exact same thing.",하지만 살아있었다면 나와 똑같은 말을 했겠지,
5115 ,Pick your ass up and finish what you started.,어서 일어나서 네가 시작한 것을 끝내,
5120 ,"Because if we do nothing... then that means Alby died for nothing, and I can't have that.",왜냐면 우리가 가만히 있으면 알비는 헛되이 죽은 거고 난 그럴 수 없어.,
5127 ,Okay.,그래,
5133 ,"Okay, but we gotta get through Gally first.",그러려면 먼저 갤리부터 상대해야 돼,
5138 ,This is such a waste.,안타깝지만 할 수 없지,
5169 ,"Gally... It doesn't feel right, man.",갤리... 이건 옳지 않은 것 같아,
5182 ,"Yeah, what if Thomas is right?",만약 토마스가 옳다면?,
5186 ,Maybe he can lead us home.,우릴 집에 데려다줄지도 몰라,
5189 ,We are home.,우리 집은 여기야,
5193 ,Okay?,알았어?,
5195 ,I don't wanna have to cross any more names off that wall.,저 벽에 딴애들 이름을 지우긴 싫다구,
5200 ,You really think banishing us is gonna solve anything?,우릴 추방한다고 다 해결될 것 같아?,
5204 ,No.,아니,
5206 ,But this isn't a banishing.,추방하려는 게 아냐,
5209 ,It's an offering.,제물로 바치는 거지,
5211 ,What? Wait!,뭐라구?,
5213 ,"Gally, what are you doing?","잠깐만! 갤리, 뭐하는 거야?",
5215 ,You really think I'm gonna let Thomas back into the maze after what he has done?,토마스가 한 짓을 보고도 다시 미로로 보낼 줄 알았어?,
5219 ,Look around you!,주위를 둘러봐,
5222 ,Look at our Glade!,글레이드를 보라구,
5225 ,This is the only way.,이게 유일한 방법이야,
5229 ,And when the Grievers get what they came here for... everything goes back to the way it was.,그리버들이 원하는 걸 얻으면 모든 게 옛날로 돌아갈 거야.,
5235 ,Are you listening to this? Why are you all just standing there? He's crazy!,얘 말을 믿어? 왜 그렇게들 섰어? 얜 미쳤어!,
5237 ,You shut up.,닥쳐,
5239 ,"If you stay here, the Grievers are going to come back. They're gonna come back, and they're gonna keep coming back until you're all dead!",여기 있으면 그리버들이 다시 와. 너희 모두가 죽을 때까지 계속 올 거라구,
5246 ,Shut up! Tie him up!,닥쳐! 놈을 묶어,
5248 ,Do you hear me? I said tie him up!,못 들었어? 묶으라고 했잖아,
5257 ,"You're full of surprises, aren't you?",사람 놀래키는 재주가 많네,
5279 ,"You don't have to come with us, but we are leaving.",원한다면 남아도 좋지만 우린 갈 거야,
5282 ,"Anyone else who wants to come, now is your last chance.",우리랑 가고 싶다면 이게 마지막 기회야,
5284 ,"Don't listen to him, he's just trying to scare you.",듣지 마 겁주는 거야,
5286 ,"No, I'm not trying to scare you. You're already scared.",그럴 필요가 없지 벌써 겁에 질렸으니까,
5289 ,I'm scared.,나도 무섭지만,
5291 ,But I'd rather risk my life out there than spending the rest of it in here.,여기서 평생을 사느니 차라리 미로에서 죽겠어,
5296 ,We don't belong here.,우리가 있을 곳은 여기가 아냐.,
5301 ,This place isn't our home.,여긴 우리 집이 아니야.,
5304 ,We were put here. We were trapped here.,강제로 보내져서 갇혀있을 뿐이지,
5309 ,"At least, out there we have a choice. We can make it out of here.",미로에 들어가면 승산이 있어. 여길 벗어날 수 있어.,
5317 ,I know that.,내가 장담해,
5319 ,I'm sorry.,미안해,
5334 ,"Gally, it's over.","갤리, 다 끝났어",
5350 ,Just come with us.,우리랑 같이 가자,
5355 ,Good luck against the Grievers.,그리버들하고 잘 싸워봐,
5365 ,"Everybody, this way!","가자, 이쪽이야",
5386 ,"Keep it up, guys, we're almost there!",힘내 거의 다 왔어,
5412 ,Is it a Griever?,그리버야?,
5412 ,Yeah.,응,
5419 ,Shit.,젠장,
5421 ,"You take this, Chuck. Stay behind us.","받아, 척 넌 우리 뒤를 따라와",
5424 ,It's okay. Just stick with me.,괜찮아 내가 같이 있을게,
5429 ,"Once we're through, it will activate and the door will open.",들어가면 이게 작동해서 문이 열릴 거야,
5432 ,"We stay close, we stick together...",모두 힘을 합쳐야 돼,
5435 ,we get through this. We get out now... or we die trying.,여기서 못 나가고 죽는다해도 시도해보는 거야,
5440 ,Ready?,준비됐어?,
5442 ,All right. Let's go!,좋아,
5454 ,"Get up, look out!","일어나, 조심해!",
5462 ,Push it!,힘껏 밀어!,
5466 ,Look out!,조심해!,
5477 ,The key!,키!,
5483 ,Chuck! Watch the edge!,척! 안 떨어지게 조심해!,
5491 ,"Oh, no.",안돼...,
5493 ,"I got you, Chuck!","내가 잡았어, 척",
5496 ,Pull me up!,올려줘!,
5505 ,Come on!,가자!,
5508 ,Thomas! Thomas!,토마스! 토마스!,
5511 ,Chuck?,척?,
5513 ,We got more coming!,더 많이 온다,
5514 ,"Keep it steady, guys!",다들 침착해!,
5520 ,It works!,작동해!,
5521 ,"Teresa, go!","트리사, 가!",
5524 ,Don't back down! Keep pushing!,밀리지 마 계속 밀어,
5524 ,Stay together!,힘을 합쳐!,
5535 ,There's gotta be a way out! Come on!,나가는 길이 있을 거야,
5543 ,Watch it!,조심해!,
5549 ,It won't open!,열리질 않아,
5553 ,Thomas! There's a code!,토마스! 암호가 필요해,
5559 ,Eight numbers!,8자리 숫자!,
5560 ,Eight sections of the maze.,이 미로엔 8개 구역이 있어,
5564 ,"Hey, Minho! What's the sequence?",민호! 순서가 뭐야?,
5564 ,What?,뭐라구?,
5567 ,"The sections of the maze, what's the sequence?","미로의 구역들, 순서가 뭐야?",
5569 ,Seven! One!,"7, 1",
5572 ,Five! Two!,"5, 2",
5574 ,Six! Four!,"6, 4",
5574 ,Head up!,위를 조심해!,
5577 ,Minho!,민호!,
5579 ,Minho!,민호!,
5581 ,Get off of me!,저리 가!,
5593 ,Jeff!,제프!,
5597 ,What's the sequence? Come on!,그 다음 숫자가 뭐야? 빨리!,
5599 ,Six! Four! Eight! Three! You got it?,"6, 4, 8, 3! 됐어?",
5604 ,Keep holding!,버텨!,
5607 ,"Almost there, come on!",조금만 더 힘내!,
5609 ,The door opened!,문이 열렸어!,
5625 ,Seriously?,장난해?,
5699 ,What happened here?,여기서 무슨 일이 있었던 거지?,
5744 ,So they were watching us.,정말 우릴 지켜보고 있었어,
5780 ,This whole time.,처음부터 끝까지...,
5783 ,Hello.,안녕하세요,
5810 ,My name is Doctor Ava Paige.,난 에바 페이지 박사예요,
5813 ,I'm Director of Operations of the World Catastrophe Killzone Department.,"위키드, 즉 킬존 테스트의 총책임자죠",
5818 ,"If you're watching this, that means you have successfully completed the Maze Trials.",이걸 보는 여러분은 미로 테스트를 무사히 통과했어요.,
5823 ,I wish I could be there in person to congratulate you... but circumstances seem to have prevented it.,직접 축하해주고 싶지만 상황이 여의치를 않군요,
5832 ,"I'm sure by now, you must all be very confused...angry...frightened.",잘 알아요 모두 무척 혼란스럽겠죠. 화나고..무섭다는 거...,
5838 ,"I can only assure you, that everything that's happened to you... everything we've done to you... it was all done for a reason. You won't remember... but the Sun has scorched our world. Billions of lives lost to fire... famine... The fallout was unimaginable.suffering on a global scale.",하지만 여러분한테 일어났던 일.. 우리가 여러분한테 한 모든 일에는 그만한 이유가 있었죠. 기억 못하겠지만.. 태양이 우리 세상을 불태웠어요. 수십억 명이 희생됐죠 화재와 굶주림에... 전세계가 상상을 초월하는 끔찍한 고통을 겪었죠..,
5865 ,What came after was worse. We called it the Flare.,하지만 진짜 문제는 그 이후였어요. '플레어'가 퍼졌죠.,
5871 ,"A deadly virus that attacks the brain. It is violent... unpredictable... incurable. Or so we thought. In time, a new generation emerged that could survive the virus. Suddenly, there was a reason to hope for a cure. But finding it would not be easy.","뇌를 갉아먹는 치명적인 바이러스로 공격적이고 예측불가이며 치료가 불가능했죠. 그땐 그랬어요. 하지만 세월이 흘러 바이러스에 면역인 세대가 태어났고, 치료가 가능하단 희망이 생겼어요.. 하지만 쉽진 않을 거예요.",
5898 ,"The young would have to be tested, even sacrificed... inside harsh environments... where their brain activity could be studied. All in an effort to understand... what makes them different... what makes you different.","젊은이들을 혹독한 환경에 가둬놓고 각종 테스트를 통해 뇌의 활동을 연구해야 하니까.. 이 모든 것의 목적은 단 하나 그들이 왜 다른지, 여러분이 왜 다른지를 알아내는 거죠.",
5915 ,You may not realize it... but you're very important.,잘 모르겠지만 여러분은 우리에게 굉장히 중요한 존재예요.,
5921 ,"Unfortunately, your trials have only just begun.",유감스럽게도 테스트는 이제 시작일뿐이죠,
5924 ,"As you will no doubt soon discover, not everyone agrees with our methods.",물론 세상 모두가 우리 방식에 동의하진 않아요,
5928 ,"Progress is slow, people are scared.",과정은 더디고 사람들은 두려워하죠,
5932 ,It may be too late for us... for me... but not for you. The outside world awaits.,우리한텐 너무 늦었을지 몰라요.. 나한테는... 하지만 여러분은 다르죠. 바깥 세상이 여러분을 기다려요.,
5941 ,Remember... Wicked is good.,이걸 알아줘요... 위키드는 좋은 일을 하는 거예요.,
5974 ,Is it over?,그럼 끝난 거야?,
5985 ,She said we were important.,저 여자는 우리가 중요하댔어,
5989 ,What are we supposed to do now?,이젠 어떡해야 되지?,
5992 ,I don't know.,모르겠어,
6002 ,Let's get out of here.,여기서 나가자,
6010 ,No.,안돼,
6013 ,Gally?,갤리?,
6013 ,Don't.,안돼,
6020 ,He's been stung.,그리버한테 찔렸어,
6028 ,We can't leave.,우린 못 나가,
6031 ,"We did. Gally, we're out.","우린 해냈어, 갤리 나왔다구",
6038 ,We're free.,이젠 자유야,
6040 ,Free?,자유?,
6043 ,You think we're free out there?,나가면 자유로워질 것 같아?,
6049 ,No.,아니,
6051 ,"No, there's no escape from this place.",여기서 도망치는 건 불가능해,
6056 ,"Gally, listen to me.","갤리, 잘 들어",
6062 ,You're not thinking straight.,넌 지금 제정신이 아냐,
6065 ,You're not.,정상이 아니라구,
6067 ,"Now, we can help you.",우리가 도와줄게,
6070 ,Just put down the gun.,그러니까 총을 내려놔,
6073 ,I belong to the maze.,내가 있을 곳은 미로야,
6075 ,Just put down the gun.,총을 내려놔,
6090 ,Thomas...,토마스,
6107 ,"Oh, shit. Shit.",빌어먹을...,
6114 ,"Look at me, look at me!",날 봐,
6116 ,"Oh, shit!",빌어먹을,
6118 ,"Chuck, look at me, all right?","척, 날 좀 봐",
6120 ,"I got you, buddy. Just hang on.",괜찮을 거야 조금만 참아,
6122 ,It's okay.,괜찮아,
6124 ,"Thomas, Thomas...","토마스, 토마스",
6126 ,"No, Chuck. You're gonna give it to them yourself.","아니, 척 네가 직접 부모님께 드려.",
6133 ,"Remember, I told you that.",전에 말했잖아,
6133 ,Take it.,어서 받아,
6136 ,No.,안돼,
6138 ,Thank you.,고마워,
6141 ,Thank you.,고마워,
6146 ,"No, Chuck, you're gonna get...","척, 치료 받으면...",
6151 ,Chuck.,척,
6153 ,Chuck? Hey.,척? 정신차려,
6158 ,"Hey, Chuck, come on!","척, 정신차려",
6161 ,"Come on, wake up!",정신차리란 말야,
6168 ,Damn it!,젠장!,
6173 ,We made it. Come on.,우리가 해냈잖아 제발!,
6178 ,I'm sorry!,미안해,
6184 ,God damn it!,젠장!,
6187 ,Damn it!,젠장!,
6197 ,"Get up, Chuck! Come on!","일어나, 척 제발!",
6218 ,You can't just leave him there!,척도 데려가야 돼!,
6221 ,You guys all right?,다 괜찮냐?,
6260 ,Don't worry.,걱정 마,
6262 ,You're safe now.,이젠 안전해,
6264 ,"Relax, kid.",걱정 마,
6302 ,Everything is gonna change.,모든 게 바뀔 거야,
6306 ,I think it's safe to say the Maze Trials were a complete success.,미로 테스트는 완전한 성공이었어요,
6324 ,"I wasn't expecting so many survivors, but... the more the merrier.",그렇게 많이 살아남을 줄 몰랐지만... 많을수록 좋죠,
6330 ,Thomas continues to surprise and impress.,토마스는 역시 계속해서 우릴 놀라게 하네요,
6338 ,"And for now, they seem to have taken the bait.",현재로선 모두들 우리 미끼를 문 것 같군요,
6343 ,It's too soon to say... but they could be the key to everything.,아직 단정짓기엔 이르지만 그 아이들이 치료제 개발의 열쇠예요.,
6350 ,So let's move forward. It's time now to begin Phase Two.,그러니 테스트를 계속하죠. 이제 2단계를 시작할 때가 됐어요.,
